11.422825,12.945914,10.946298
20.414194,24.53659
19.456102,14.803227
17.571041,14.24994
9.003185,8.168247,7.8026094,18.673042
14.439304,12.651812,10.179076,16.304241
14.280344,30.629562
13.817891,7.022973,8.306943
7.689295,8.9715605,8.428003,7.255213
15.433966,13.073397,10.874501
11.715283,9.985842,14.514692
14.692197,9.097591,11.860566
13.200394,11.757348,8.230896,13.04193
23.8004,14.563892,13.318018
25.867395,22.147522,19.175142
11.283181,15.334866,8.802111,11.656663
12.625078,8.600164,9.638289
15.768885,17.102686,18.582432
8.608112,8.650932,15.202652,9.61444
10.779411,7.3660226,11.698376,11.01288
9.610927,9.224354
23.521467,27.180622
16.785341,13.41483
13.342758,9.707661,13.805435,17.777428
20.248283,22.459488,12.8439045
10.44478,11.204549,11.7107935,9.997888
13.096164,24.36014,15.027342
25.739124,24.792542
8.348789,7.7264557,17.563335
13.552721,11.406393,13.095649,14.610443
26.594044,28.206383
11.697683,11.170077
10.581158,11.710883,12.429308,18.090515
10.76289,8.755355,14.289299
21.281124,17.400057,13.041977,11.13125
18.657879,12.139637,17.631645
22.741978,10.387689
14.778405,30.830286
22.832035,26.93409
14.109217,11.463949
11.12947,10.17456
14.940741,34.98549
27.262436,21.219973
14.273603,11.952417,11.313515
13.040327,15.514432,11.639988
19.970652,13.575876
8.32805,10.758369,8.160085
27.101469,9.5755825
12.967278,9.071263,17.716187
8.670231,7.968499,10.516493,11.906855
12.0489235,12.649836,10.746784
22.729187,22.273516
11.0867605,18.370197
28.236803,42.370686
7.716016,15.887651,15.283742
10.709743,10.752228,20.6691
8.812962,9.2489605,12.709171,12.374208
10.688472,8.756783,18.143446,18.925247
9.287198,16.102139,8.664965,11.108714
11.303528,12.818976,11.024406
6.014987,10.829729,5.997904,6.090773
8.364393,11.428201,9.842735,10.988922
7.4598103,11.004082,12.650634,18.896936
8.339463,10.152456,10.681105
12.941365,12.205507
10.982812,18.860905
16.900127,31.413315
10.922892,9.758555,15.286526
34.120987,16.146433
29.948244,33.33454
18.409405,20.689344
17.220299,23.824326,12.531071
14.360836,22.550947
8.938277,8.667345,10.210817,11.775228
13.267951,8.116774
22.095171,12.195549,15.569847,8.907312
17.701572,16.212734,11.2554245
37.51776,21.48257
10.008794,15.920109,7.989048
11.130081,15.52602,13.900566,14.300431
13.419794,25.562616
11.264401,21.02461
25.007545,19.678402,21.40912,26.111465
28.277588,11.098905
12.618579,15.907459,10.116375,15.435102
16.86604,20.46837
20.926647,33.528084
21.575089,35.712723
10.17928,14.220411,9.7647
11.883556,18.538208,11.195536
11.932358,21.118916,26.528034
38.22781,30.482197
14.14446,9.746282,17.280125
12.8705435,11.418541,13.763234
9.168015,10.121983,15.746107,9.066637
14.810915,16.435265,12.946135
15.087654,15.810021,18.239622,12.078768
8.312786,7.586644,12.586839
20.114826,18.580332
21.507896,18.031689,21.86249
14.555832,7.2639704,9.564713,16.00545
21.862957,11.666126,25.538046
14.154193,16.459126,7.068857,7.5504985
8.767791,8.8134,16.872139,6.5948296
16.745691,9.907862,8.756253,17.632843
13.344369,13.635758,14.339903,11.104166
16.791975,13.0536995,10.141575
9.13258,16.038788,13.259174
30.425474,19.766344,16.134947
19.479488,15.745219
9.395197,24.303823,10.6268015,22.055027
15.244248,12.628653,8.731222
11.852698,9.003063,7.2239285,11.357779
22.505226,36.420685
27.37583,24.71778,14.38793
10.123782,14.808163,21.81145
28.60112,30.940693
14.089304,7.5370064
7.833563,9.315407,9.628137,13.160526
8.8087015,8.639001,7.178355,13.018957
10.616075,21.016716,19.881472
9.076504,21.92257,8.75108,16.916359
24.762806,34.694542
11.211981,10.130712,14.072511
28.759716,23.90931
11.246908,11.222216,7.990547,12.855546
13.242691,18.502813
19.823286,23.411953,13.405892
9.331273,17.405933,11.516274
12.051216,19.994785
7.808354,8.4449625,9.239647
10.69058,12.783614,10.79712
10.417936,10.900253,9.971863
14.196582,10.249319,15.624003,8.380142
11.188967,21.425749,17.06999
9.2630625,15.428647,7.506009
23.768902,19.75879,17.649939
21.33831,31.041359
9.724029,12.433838,16.996565,14.093748
10.59402,14.188834,12.783975,18.124176
7.181315,8.027091,9.05681,8.522615
12.607158,6.688732,7.709815,9.217058
8.6881275,8.625007,7.95751,13.00985
10.174732,8.032726,9.0854435,11.880413
20.787985,35.21724
11.874901,18.447083,16.31744
13.27448,7.802822,10.026972
31.108734,19.570992
7.8626347,13.586314,15.569296,10.853071
25.099907,19.44207,17.473112
16.607433,23.545658
14.015428,15.404749,11.087709
18.781073,8.844132,16.229912
18.391083,17.79578
11.892786,15.638309,7.600483,14.011362
14.428473,14.914118,17.056095,8.323871
10.18585,10.466169,16.04983,13.072977
10.9100065,11.665222
10.148045,15.676794,17.06853,12.480198
27.608696,35.73617
37.313484,25.171055
10.782946,17.298847,16.246212,18.811165
14.065126,13.829098,12.409906,9.91892
10.807535,10.68843,10.059104,9.750523
13.250896,10.6130085,17.122356,18.626022
17.665369,18.065958,17.37503,12.13109
19.6549,21.953922,14.1157,12.782808
9.34464,15.580149,12.222562,10.159184
10.439774,26.64651,25.043453
15.147717,16.341179,12.082834,14.713546
20.21722,11.946652,27.183071
21.675556,18.910402,10.47194
19.19669,11.480509,10.331436
22.462757,17.380371
27.201296,31.311384
22.505829,18.731112
22.981106,23.509525,22.925182,14.738651
11.842991,11.520024
13.900887,13.446121,18.225067
9.120836,8.174322,7.5224495,12.123138
16.55246,22.104073
15.317293,14.441282,13.574086,13.083281
7.5552034,6.8202085,8.353068,10.183366
15.128406,27.122704,28.1022
14.73959,15.305697,25.824308,15.546836
16.540312,23.349926
9.003841,10.486202,8.785025,9.405661
18.078243,22.735296
18.479605,21.74158
46.253197,38.821533
15.372594,19.99843,25.59945
14.360404,16.941658,13.3524885
10.331845,13.78751,13.376518
9.582769,15.734613,7.431156
7.7417526,8.307075,16.346148,12.562683
15.743147,14.326472,10.638189
7.171244,13.493574
7.9164295,8.770467,12.157431,8.160801
7.5791397,9.332871,8.038291,13.345173
11.856598,8.651768,17.735645
25.106827,10.770138
17.967232,33.3348
18.564442,16.235422
11.396138,10.231667,8.636821,9.082751
14.222094,17.28482,17.826302
15.578711,12.944255
16.597538,8.200012,8.747529,8.303675
16.057325,35.5963
8.404809,11.166765,8.855254
12.122975,10.405716,14.948862,7.2940083
6.543812,8.2192955,6.573831,6.150489
18.44054,13.479936,13.127758,12.114953
18.887014,15.378912,8.897234
14.913966,19.242199
6.779462,7.5184937,9.237546,6.4589767
8.526643,15.443205,20.593294
7.521013,19.515833,12.999524
17.630135,12.778098,19.813686,18.401924
8.104121,14.302852,8.539504
10.638025,7.988065,13.371639
15.294748,12.304805
15.984278,11.69297,7.594385,8.581478
15.314865,12.765966,10.567637
19.707588,15.240055
8.944418,13.017082,8.249613,17.510262
11.461556,8.915427,10.588948
14.344594,21.59178
20.032791,17.362087,23.751396
36.695263,16.16534
10.797039,11.386308,7.1367626,14.385592
18.85287,11.213423,19.608908
11.18372,9.673126,8.257761,18.683428
19.984272,13.665636,10.977779
10.092036,13.741545,7.3435545,18.647789
11.603836,17.871443,11.907454
15.567636,13.178762,9.970355,18.769884
15.408425,11.594137,8.268506,17.785852
7.5633144,13.721243,12.476586,10.711195
11.979568,9.480181,8.27159
15.050438,23.303827
8.218782,7.215067,7.294943
9.511268,7.7140403,7.0352106
11.378493,11.686897,9.433138
21.365143,15.869339,14.387555
13.787084,10.2184305,15.900337,13.346772
23.883898,9.858213,23.935108
13.525572,11.274594
12.946738,25.197018,21.045837
16.039593,7.38776
16.974794,10.058245
12.843401,16.112907
23.4753,12.487447
22.418146,24.778685
13.795077,10.016319,8.544201
16.276594,19.514023,24.215534,24.844042
9.64934,6.5162444,16.61546
22.155235,14.663409
15.033294,22.89215,27.807678
14.734448,9.10949,9.234709,18.374523
10.211695,20.477722,12.790892
15.5665,16.427078,18.298676,15.70336
16.219444,11.237141
10.695129,7.5657816,6.9574833,10.684998
16.5182,19.71585,14.574818
29.020397,26.327412
9.272267,19.8031,11.363473
21.481846,26.694855,17.02538
13.436575,31.593046
7.6201906,18.208218
8.643091,9.749208,8.451366
19.177097,8.483203,17.29108,9.450578
9.544206,11.008507,13.332587,14.477414
9.706348,14.945229,15.293873,13.216925
28.360548,22.092482
9.696797,30.613787
12.072958,13.576008
9.399642,17.965208,8.060413
7.0428867,13.861139,11.873547,10.455066
19.678785,11.818283
15.000203,13.967019,17.201332,16.171398
16.12786,21.219116
14.038396,21.53537,22.899305
11.358735,10.684242
14.539587,21.827765,27.566635
21.067036,26.740295,18.356152
13.017021,14.883139,19.981071
11.087236,14.7562065,14.444501
14.383709,14.603518
18.685677,13.93358
38.918972,15.366751
7.930298,16.208166,9.175107,11.696055
10.93263,15.933386,14.57575,24.520214
5.734112,7.392541,10.4535265,8.657358
22.64579,30.073454,14.231938
8.415684,10.64893
6.6271925,13.836771,9.15056,6.8617077
18.661613,11.689075
7.430942,15.333424,7.0379534,8.179262
10.378288,10.39375,7.9050994,10.480398
12.653547,18.40853,11.28431
24.18433,17.614157
7.17029,9.56538,13.392446,8.703886
22.701302,20.062973,14.28813
10.950927,17.589312
10.049604,17.294195,19.094616,10.974826
13.976458,17.304821,9.182534
7.364086,6.5033045,9.865311,11.202096
10.575713,20.814592,13.333992,12.540101
24.940887,25.711994,27.46784
18.669981,25.40248,28.402061
18.676464,20.435112
14.804326,19.71067
7.805132,8.348638,14.72401,11.794511
14.75416,19.390879
13.27424,8.110187,15.360455,12.419176
11.966651,10.926025,13.149614,8.381675
12.975491,8.022078,15.470673,19.143963
7.6450453,6.598994,16.615042
33.31883,23.028267
11.719742,8.3765545,19.025066
26.371616,18.63179
18.322453,21.943928,12.800516,14.990679
15.408047,9.332069,13.627352
13.0556965,10.543674,11.020027,11.182924
22.457512,23.716652,19.36958,16.232159
25.84972,23.510107
8.617691,7.1773615,11.694034,6.5443535
10.388098,12.462015,8.681329,11.830751
18.504803,26.917265
11.497093,30.654362
9.28784,11.263934
13.515385,23.49118,23.675163,11.668583
41.844193,17.607618
33.331085,14.236173
15.429151,14.94108,10.5105715,12.470787
22.702068,15.17302
11.393415,14.379315,11.866113,8.114576
18.360443,21.14167,15.842139
16.73149,7.8143997,6.93222,7.2497168
13.575877,12.186447,17.983734,8.987133
14.268557,9.309606,8.625244,16.911335
15.247235,7.984227,21.812279,10.766641
11.090374,24.517262
18.847315,21.101334
19.588068,11.592077,17.498491,11.866806
16.330988,13.4649315
18.101065,8.311596,8.571678,10.747282
12.212797,11.576172,9.7638645
29.031067,18.776749
12.596274,12.344347,8.715751
16.911377,17.585918
18.831772,12.017563,13.910451,9.006518
7.9999704,9.293514,12.626392,9.9798155
10.605509,9.928409
39.249474,36.896423
10.014235,10.00779
15.913528,11.098696
8.069997,14.194402,7.866024
8.718519,11.605908,8.746046,8.226652
22.234009,27.899672
7.013297,10.387314,9.4052925,12.453672
11.56857,14.80289,23.79438
9.518253,12.096226,16.006046
15.191296,10.05478,11.35775,11.0464945
12.047304,16.027506
11.226871,7.592492,14.2940235,7.533309
17.852215,20.054499,13.965983
10.975362,13.14855,7.940685
9.876067,12.265734,10.35116,13.897839
11.620293,11.935149,12.522917
12.918168,14.188525,11.601049
9.594563,14.043049,9.563938,10.741661
11.92992,23.07562,8.167912,21.637192
14.418205,9.818652,10.999673,12.575935
10.564472,11.623922,15.296921
13.121893,11.738552,7.754038,8.727776
15.626776,24.711073,10.582267
10.873222,6.6990266,10.855357,9.549263
28.81235,20.79377
8.843776,8.706493,11.407255
12.469508,26.475397,9.788809
13.242882,6.926195,7.830724
12.470425,7.434312,13.376802,12.171441
6.424452,9.937316,11.576561,6.900597
12.166652,16.579735
11.93807,20.14339
13.460818,18.20272,11.946826,24.66077
8.207316,15.519997
36.445385,33.53608
17.6622,9.05385,7.31954
8.10663,8.53193,14.147183
21.665398,30.526703,11.20803
8.271279,16.072739,8.7275305,8.300781
9.771943,9.518791,9.802053,18.587936
17.062643,9.894779,17.88263,8.104529
18.49121,11.475665,10.61991
9.884871,21.130661,15.571569,17.688477
14.935916,16.199171
9.197258,6.796199,7.3212585,7.17214
13.883757,7.409734,11.866102,12.823777
12.063524,15.1778755,12.858933,26.479511
16.127249,14.367857,15.724831
35.40748,29.132555
6.6411934,6.915126,12.330204,8.701632
12.917498,14.346214,14.875784
20.588089,17.450321,22.551582
34.822277,19.845821
35.557446,29.991491
16.304884,20.789469,16.99732,14.312393
8.535734,14.803399,8.683762
16.738495,23.060406,10.485813,25.027382
17.401535,15.657606,17.356604,12.273585
21.590492,15.665265,11.983393
13.112188,19.721888,13.532251
16.575521,8.3979025,9.117452,17.066372
18.464653,27.924746,12.4543915
14.088289,9.939691,14.739819,20.10419
16.495745,10.755039,14.336898,9.654514
11.60803,8.664381,9.185508
17.477139,21.446602,10.140622
14.951795,19.437092,17.578026
9.891381,15.395163,21.359573,10.920529
12.930759,15.560678,16.80407,9.640989
13.044087,17.573301,11.059775
10.4481735,10.792998,7.313161,9.132974
13.49103,35.487503
10.573573,12.553675
9.818475,8.283524
25.552752,11.471142
8.954323,8.98578,15.665224,13.861231
28.737011,23.653234
13.669639,11.272755,12.200772
12.001663,18.850857
26.531765,45.2885
11.906094,22.693026,7.8839846
9.964647,15.819801,8.815083,7.147718
26.87498,12.689092,23.170029
9.253533,8.46385,11.774015,17.58817
11.624197,8.992181,16.769497,16.979126
11.52589,16.102037
30.63124,27.718666
21.037199,21.461033,15.321886
12.954806,13.885314,10.383184,16.480188
18.505878,14.715162
28.088276,29.595125
18.220104,11.3213215
16.65646,11.890848
15.648748,6.2444773,6.314453
42.513668,36.01776
17.84946,16.753744
9.242852,11.404011,8.706115
16.711712,15.574253
20.79177,25.88227
11.955422,26.987411
9.462677,20.58478,8.70876
22.705873,7.760092
16.412056,11.895125,17.709541
13.96576,5.912094,8.98974
9.996478,9.593513,7.1387033
11.841753,10.91905,11.200952,24.496769
8.913868,8.400138,9.2370205
15.432561,27.06757
8.282638,10.910635,8.688601,7.543809
7.71307,11.510421,7.8361287,13.911051
6.440037,12.743159,13.379684,11.489705
14.213427,8.24389,13.491566,16.328709
8.573517,17.866997,9.317684,10.602617
19.491032,13.810149
8.5546255,9.407768,14.016286,14.96958
9.14196,6.2959943,8.104891
20.322098,22.507458,31.508726
21.987528,19.822525
11.092181,19.182201,14.745539,13.141029
10.405659,16.06503
26.2737,20.685001
9.902038,6.9757814,9.408888
8.579626,12.073988,9.727556
10.682324,8.704043,10.286815,21.198181
18.407803,22.520332
25.022438,19.042185
27.161678,14.044069
15.105055,15.773618,22.684439
7.635482,9.294232,10.600485,11.8933
10.557514,18.15726,13.7239685
11.940701,15.165419,9.283472,12.372078
17.276875,11.426936,11.282802
34.296967,24.15329
10.761949,10.675742,8.104713
33.58855,22.922104
13.251909,12.723753
12.180815,12.690399
7.1432576,13.654962,12.104488,16.497137
15.486474,15.127039
19.436565,13.371202,12.11961
12.882322,14.378457
7.536992,7.6518574,8.9162855
20.596865,42.93258
12.407916,17.265,15.312,10.630886
12.431541,18.710787,24.24488
25.861748,31.965677
7.826477,10.568971,7.7943316,11.74852
25.445269,43.88297
10.113742,12.543705,26.34779
14.018197,9.6227,9.692984
11.147079,18.321194,10.98304,8.980446
11.717504,14.6140175
17.283512,23.75236
9.28891,8.916203,6.6624928
12.061598,9.63857,15.36796
15.982976,8.146574,13.838957
11.792284,16.619656,27.714386
10.521722,8.897177
10.34084,12.323746,11.95648,7.037697
22.351074,22.34162
9.4571495,13.141125,13.031065,9.613207
24.182653,21.448845
10.63098,12.69708,13.760176,23.25859
11.597749,13.742984,24.24408
13.897253,11.482898,14.447834
17.991245,17.905363,9.920142
7.22853,11.822986,12.927506,9.924332
14.828968,9.156748,9.865041,7.7560625
8.606315,14.907026,11.289984,9.391246
9.688011,8.173919,7.156556,7.4451013
8.517542,9.334085,8.340925,10.210204
17.265253,10.131205,5.6678286,8.039347
18.803122,11.792541,16.418581
10.871077,21.321426,24.031837,11.140773
7.1687236,11.151273,8.852488,13.501908
7.699377,7.453163,13.364642,12.221397
19.080273,10.59908,19.629574
19.509668,27.770496
15.166628,15.419458,16.015701,10.633328
7.2300634,16.979149,9.416195
9.15222,17.09818,8.404374,6.9995575
10.43962,18.667784,14.964967
9.09433,8.135833,11.414628,11.837069
9.935404,15.026997,10.008411,13.686869
12.82287,24.536877
8.767409,7.9187155,8.18285
7.8840084,15.454111,10.093561,8.506644
7.7281904,8.701098
27.448078,22.58339
26.339394,16.640902
14.775973,19.302395,10.396312,11.745038
16.63699,30.528482,23.283995
6.7126856,8.035683,8.802838,10.801945
13.721377,15.856399,10.667227
14.191455,10.316397,10.490668,12.137434
20.61268,12.888683,18.452099,11.7955265
12.945388,18.226414,19.814167
28.111973,20.07047
24.96234,20.822006,29.922558
26.725016,20.219084,16.653788
14.105287,14.208679,11.076552
8.620946,17.564453
10.007352,10.617269,13.219282
19.193087,19.686966,22.647491
7.8194427,10.190449,7.028756,10.818089
10.067406,8.595387,7.170164,6.2763157
20.63237,12.339407,17.319004
16.742813,10.686065,16.962141,9.111252
23.678041,23.214088
15.851781,25.078518
11.323127,19.68039,11.701379,16.070175
19.402102,27.317333,17.18678
11.4933605,9.327967,7.8129654
16.27603,27.266985
24.491673,20.78189
9.873082,9.845828,9.831838,11.710943
21.008583,33.639935
14.648586,13.072658,20.167004,11.172052
7.8279805,15.358712,10.955326,7.5991364
9.550843,13.34747,7.196636
12.9067745,6.6109676,6.860591,11.17053
33.75105,22.875914
13.935233,19.346466,9.793037,9.328107
21.827663,16.897179
10.131762,10.021293
17.954288,21.064606,13.945951,11.88193
21.147223,24.7683,9.521317
20.769007,11.835811
10.225876,7.9507527,19.68713
9.039458,20.032547,21.852507
25.496264,47.13546
11.613123,20.80239
11.547565,7.5509853,10.384445,9.2567425
15.752601,16.301594,14.946547
20.41341,18.569508,18.691113
17.111715,7.965253,10.251162,7.9443436
15.586271,11.853935,16.270298
9.362361,10.668764,11.385299,13.655019
8.424649,9.65375,10.904625
11.312281,28.726612
19.740658,16.058022
8.313929,6.479409,6.714793
10.046419,20.996109,13.808458,11.230211
10.026301,11.98666,9.335232,7.4115644
7.774957,12.139123,10.293863,9.687714
26.754118,23.941967
8.062019,8.557759,10.468533,14.915159
28.977314,11.759689
21.198376,25.087002,34.084328
32.154312,27.784178,15.707946
21.834846,30.291613
9.540646,22.629156,15.178795
33.811104,26.912655
8.5158205,17.529974,16.899025
19.873096,13.09111
9.671772,23.052193,14.190591,10.047079
8.782194,14.391188,15.888582,8.307823
29.786621,12.138769,19.694736
20.562572,9.536889,13.539754
24.112272,23.23457,19.982477
25.297594,24.179379
10.96258,11.317372,9.716311,6.499735
11.487733,13.757
21.02285,16.373251,9.291406,9.1813755
14.9944935,10.49906,21.256067
15.964333,10.237832,13.485529
16.548885,12.251081,7.4137125
9.301868,16.098118,7.5099354
13.899273,20.702332,26.493084
20.59153,21.349136
14.155074,12.788341,25.606676,12.632042
42.39026,24.425
13.9147,18.608536
22.559933,20.137934,12.101466,12.790155
7.573922,8.852062,12.859923,20.116432
33.6187,30.092682,19.479828
7.6179857,11.907502,10.824289
16.350483,9.41798,11.434939
12.864444,12.242972
33.310116,28.650352
21.00583,9.466025,17.800102
29.629183,22.76513,15.862633
22.615318,33.771973
13.931022,31.771145,24.467133
21.779612,19.92173
10.072339,8.159187,7.828353,7.7770224
8.69912,8.710351,15.208594
16.827423,9.182506,7.5878963
15.257169,17.013214,17.224657,22.75841
9.389263,8.065173,13.566482,9.3992605
30.997097,17.457228
12.118409,10.994462,9.285664
23.399702,23.310911
22.542713,10.009573,14.281528
11.849478,10.408726,6.944734,12.20751
13.459605,12.245123,10.283743,11.369409
7.3926897,16.302628,8.9165
10.947068,10.138111,9.0429,10.716766
19.937021,20.855995,12.708462
21.856152,13.879392,10.964907,14.531794
26.335957,10.713772
17.684668,32.999374
11.432955,15.034779,17.6037
8.430608,14.549278,15.706734,8.167905
7.108653,6.3928375,6.5981913,7.1648436
26.751892,30.302124
16.128246,13.60764,18.629807,14.793415
13.062614,22.13958,21.583172
33.08531,24.471743
22.321178,34.751766
8.060082,11.607704,14.894451,7.174492
36.216583,31.44347
11.271692,12.287604,9.427996,12.614648
20.471634,21.060925,14.543326
12.155386,16.9475,9.995941,17.26527
9.608905,8.36112,11.95643
12.92182,14.205534
12.381699,7.612465,7.4280996,7.4696054
19.525114,21.212711,6.938915
12.393091,10.291426,9.000823
18.334873,24.021149
19.33199,19.82866
10.326715,27.411297
27.488392,17.74421
9.086739,10.163925,15.5169325,12.014328
29.952467,16.515743
11.769489,13.806675
11.9377365,14.384039,16.484764
13.138187,14.648109,14.1249075
40.836094,38.86219
12.13387,19.616707,22.939713
16.564686,20.00955,16.864521
15.459326,13.447414
6.824886,11.487045,10.931377,6.6536903
7.438119,18.071281,9.91855,17.469994
7.999705,7.0797205,8.205794,6.6494884
20.60728,22.36538,26.040882
17.488068,19.652697
25.456278,22.381207
28.854492,19.68611,25.250679
29.375845,24.823162
16.627132,29.716496
11.377895,8.017735,13.450441
13.785116,13.669796,13.222183,11.611053
13.556583,9.205138,10.570608
26.534489,12.4100275,20.615015
16.7486,7.9115744,8.883447,15.1996
9.230103,14.785701,9.708293,11.050699
10.411432,14.620151,15.293695
12.15822,18.707493,18.107407,12.934359
23.979668,15.29631,12.15031
14.649765,7.327134
12.939863,9.265668,10.816706,12.01746
14.2975645,10.73038
31.749315,22.7583
10.015244,12.672194,21.951115
9.312248,13.720983,22.90509
10.626108,6.961405,11.783274,7.191197
9.569699,6.7188535,6.656423,6.85186
13.215405,6.6582565
13.655923,10.51441,14.269243,11.159533
41.15308,17.448696
9.492018,10.444744,17.639088,11.671339
12.227958,12.530041,14.85549,12.278206
10.026364,19.535633,17.62796
26.655685,27.317356
15.083622,15.316921,10.845565,14.957465
11.557667,26.737732,11.560491
12.779775,18.334896
20.54272,21.056505
11.679397,22.958961,17.500427
10.19461,14.940848,9.079804
12.582577,17.157833,12.881016,13.265718
6.5910287,11.562608,8.473863,11.075894
10.766577,22.200752
13.044434,10.3639145,9.139059
21.747816,14.938616
16.008076,17.970034,11.174758
25.518505,19.457787,9.980691
11.918395,18.306604,18.282116,9.640594
13.262458,12.366869,14.938997
23.579857,22.60346,23.851006
12.616013,15.55531,15.787705,20.431023
10.081529,7.367113,10.511333,8.460965
9.993386,17.572353,9.232502,7.1879787
18.091524,10.578648,9.286778
10.125778,10.907738,8.502402
22.265621,34.80642
9.769148,15.711517,15.455638,12.509706
28.175549,16.247332,15.3927355
17.33186,19.286549,11.551363
8.762895,13.288304
12.98255,6.6998873,6.7257214,6.6121492
16.563496,9.51151,9.333473
13.488447,12.604757
11.103626,36.321144
33.75843,12.768774,21.843472
9.257533,6.575531,6.908885,9.571269
12.915518,20.416634
19.527664,20.143116,24.990847,16.078749
10.632936,11.576352,13.081621,10.320297
23.795956,35.788666
9.2801075,20.463543,17.941986,10.674131
11.146326,26.094229,10.86593
12.158229,15.622184,10.2945795
17.079096,10.365593,10.909983
8.210397,7.9557047,14.969361,18.397678
12.985734,11.134413,12.046362,13.966873
12.647732,10.863172
15.051742,20.748531
11.868021,8.39331,11.125707,9.987043
13.09127,17.525158,9.563597,13.781396
13.606004,9.014202,9.497625
11.450167,6.6331806,9.354676,6.861253
12.870718,14.455509
14.1310215,11.064724,10.129344,10.781889
10.277992,7.856731,20.361324
13.518004,25.5636,16.77698
10.547608,13.578996,6.325761,6.1009893
8.506396,11.350467,10.34162,12.80699
24.68906,18.009296,15.818762
7.6405306,10.58025,15.234103,9.764405
16.214233,21.998362
9.012242,7.442255,13.242216,14.316795
15.823565,21.860687
14.512439,15.200675,12.642405
38.83517,20.399822
8.366991,6.5814104,13.145344,8.539924
8.225706,9.260983,16.544449
10.996089,26.779507
9.867038,7.269228,6.8153896
29.641682,10.078804
10.214958,8.504048,10.5272045,8.668654
20.149971,13.032967,13.213197
14.972729,16.535868,22.664965
8.585577,16.449718,8.575653,11.152037
24.184462,16.271053
13.911459,7.9079456,21.043888,9.027941
13.355675,10.552724,12.096202
13.206076,18.103916,13.461645
10.35227,16.361156,21.925022
33.90425,18.068314
6.8295517,8.433956,9.914614,9.914493
26.317753,38.84771
14.693167,9.884098,27.626003
19.079884,17.579937
44.822693,26.010904
7.432456,16.746773,6.635976,9.371128
10.898736,11.504808,18.185238
8.16106,7.7301292,11.812206,10.723517
19.835732,22.52192,26.091286,16.764856
10.056573,13.352795,8.798448,12.528892
13.991338,15.087919
9.911188,9.14042,10.643157,8.659303
15.303759,14.278356,6.0596704,8.639281
6.8367443,14.738359,8.267274
8.154532,8.48034,8.569749
9.496609,11.801779,10.566298,20.94844
24.138962,16.978838,8.361366
16.227913,19.7304,27.900473
15.441713,22.064264
9.80265,12.810019,8.012926,13.655264
13.755472,13.982992,19.087296,22.289143
13.832878,12.286293
19.30533,8.272514,14.182403,6.8322105
8.844432,18.77927,12.682803,11.705337
17.986141,8.500679,10.713935
37.417336,22.42194
6.1376553,8.339479,12.762048,6.5158267
28.917961,29.03163
9.897582,13.209798
36.411278,31.492636
15.671642,6.5958014,9.109905,15.043416
24.296814,18.429401
15.511073,14.407534,19.306728
22.201107,16.089415
16.904772,19.090147
10.797551,7.563736,18.76678
9.666065,14.768011,21.39785,15.810158
17.521757,30.318691
10.401013,11.533663,22.02722,9.436711
23.297009,18.359716,13.905267
14.026798,8.427115,10.563596
16.102161,13.249206
16.461496,17.289942,9.755269,14.143384
6.7486715,7.7676353,9.224665
12.221642,12.02408,12.7017975
10.523554,13.015629,9.961055,7.9677186
15.226843,13.265187
7.984782,9.049154
7.6502333,10.1068945,10.366931
18.433304,13.162519,11.72765,18.026913
15.035005,22.816446,28.264717
13.408519,25.10833,19.39511
30.010067,14.473374
34.20681,32.467804
11.840443,22.242924
31.710508,31.722713
14.56142,12.308538
7.8829155,7.5562716,7.552204
16.71827,11.253878,11.139558
8.453986,11.065915,13.723829,10.8077965
8.7056675,11.242514,8.80643
21.227766,18.532372,26.251911
14.035164,13.289832,13.900883,15.572207
18.59885,19.270107
11.265602,20.817621,20.312355,15.744776
28.488464,22.6861
10.1505785,18.060305
14.049966,34.027412
13.729313,10.937792,13.346354
23.824394,15.478063
18.854912,9.592345
26.27546,10.249665
11.048399,11.359667,10.91174,18.270155
10.488939,22.023087,11.353462
8.564696,19.666054
21.774118,27.877083
23.683258,13.480594,24.25743
19.643686,10.590921,10.855047,19.631039
13.1915245,15.058491,14.376935
7.449891,7.374091,12.012694,9.453382
7.9848337,13.259168,12.109242
18.664759,19.652702
13.186979,11.669828,8.346941,7.23816
22.93408,9.057407
9.154533,10.478329,9.362465
9.229994,15.543333
11.086931,10.298467,9.821884
15.223575,24.823357,11.84332
9.429595,9.7128935,8.157117
17.807135,9.128845,11.499542,8.463411
24.989426,12.353924
16.97942,22.184229,21.231543
22.254496,18.99373,11.668058
26.247265,12.079283,15.507698
18.85835,20.822475
12.400934,16.853313,13.1764965,11.64245
15.222902,15.510017,23.70142
7.715005,12.128958,12.329851,14.99774
18.436142,24.872879,14.972322
6.778778,12.096585,9.395314,8.677037
14.190268,13.245652,9.099908,18.428066
19.254831,13.69331
7.8502417,16.484741,7.9618053
33.603508,25.045464
14.079922,19.10204,11.490432,9.712382
10.911749,12.250211,14.747609,12.814673
26.402063,23.729933,15.902573
25.196697,16.417156
23.788269,11.6851635,10.709758
29.712988,33.7241
7.9158316,20.46133
12.394014,11.829622
16.674503,13.1720495,19.524258
9.419416,7.951248,9.370783
12.072902,9.400658,12.45196,11.854576
11.453409,17.9554,18.817898,9.908082
10.011282,15.345686,11.808958
8.638729,10.677018,14.764878,12.937712
11.766284,11.040415,7.637874
9.64455,8.166663,12.728537,9.633284
35.373882,17.64446
32.35395,23.529112
16.728418,18.069057,16.946667
18.747849,14.709575,14.196335
23.060936,11.409843,11.131922,21.205223
27.377361,28.437464
10.164321,12.090139,8.654026,6.737707
18.129623,23.076233,32.640602
10.222991,16.667244,8.866919
42.213585,28.109406
8.927132,17.26937,9.3560095,9.29376
13.611177,11.289648,11.22208
20.808792,23.183435,16.856344,11.077947
14.557875,23.418842,10.03963,10.339003
17.597786,14.256549,17.782682
11.695058,16.180815,10.917815,23.70582
10.679321,8.304257,7.7044783,9.059125
17.219631,9.87179
10.549452,15.860198,11.238106,20.340721
37.06549,31.836405
7.725093,11.804974,15.809295
37.3642,23.87228
14.543844,7.0834045,12.653879,6.5858574
8.165802,11.511036,21.764128
21.187065,18.127773,18.464066
9.816896,8.112793,12.06432
14.380854,14.855299
12.475963,27.463936,22.416847
13.602485,15.355754,23.771774,24.40004
8.35281,9.984636,18.025745
22.782297,14.427078,15.943491
9.685886,8.811664,6.9063044,13.068747
8.695858,13.336458,16.342878,11.997048
10.767647,18.330639,12.693863
33.141094,38.714684
21.657272,11.31749,14.113263
33.11445,22.722261
20.421413,14.381029,11.034154
13.431856,8.282572
9.250439,11.22264,9.030274,12.2897215
13.364201,15.349543,14.190378
13.508231,10.037806,14.52454
21.275648,18.46204,22.917667
12.609831,8.780489,7.523075,10.229278
8.784322,11.21282,6.6925383,8.408862
34.517265,23.458225
28.42237,16.83427
8.49696,13.251758,7.956627
11.473786,9.591226,7.7573843
12.889271,12.450026,11.488298,15.817247
9.113123,13.1885,7.5077147,9.762478
8.998739,10.663681,11.211085
10.819042,9.982174,21.012852
20.421867,11.584413,10.061893,17.073334
9.908328,15.246612,14.394596,7.202644
8.582775,11.811604,7.820551,10.433535
14.942305,8.508884,11.118428,13.337279
16.652657,14.873174,19.374891,17.09655
9.82136,19.632336,24.058086,21.365452
16.71093,16.778835
14.653147,16.450165,17.51117
23.260075,15.724917
24.369038,20.32098
8.999667,9.963625,10.652017,9.672247
21.827637,22.046354
8.637592,6.7408657,13.30875,12.022359
16.312227,16.474348,7.7146387
13.771256,20.379757,14.547482,9.840685
14.857714,17.129147
15.221226,10.561528
18.79176,10.556318
9.5180645,9.275837,11.633923,6.8950577
14.071034,14.915548,19.33596
15.105449,18.597225
10.684032,10.077231
8.870238,10.140505,11.232003
22.228456,17.405748,16.21894
15.450714,8.87306,8.527575
8.437899,11.107972,19.623276
15.978859,18.418623,35.53164
15.948227,23.604029,11.1476
11.763095,14.827127,20.73379,17.316196
9.973724,7.284381,8.238471
7.554058,13.98292,7.1642694
